{"errors":[],"warnings":[],"namedChunkGroups":{"app":{"chunks":[16,5],"assets":["webpack-runtime-f667cce9d7eb33a9bd5e.js","webpack-runtime-f667cce9d7eb33a9bd5e.js.map","app-17fbb363fa9226bc6b97.js","app-17fbb363fa9226bc6b97.js.map"],"children":{},"childAssets":{}},"component---src-templates-article-post-js":{"chunks":[0,3,1,14],"assets":["0.71ca5a429ab60c8c7db7.css","0-567d47a1f51a07fd6090.js","0-567d47a1f51a07fd6090.js.map","3-ab6604f6a47a8ac5d626.js","3-ab6604f6a47a8ac5d626.js.map","1.2152890fb79c6869727c.css","1-082d010604db646a7156.js","1-082d010604db646a7156.js.map","component---src-templates-article-post-js-80ba204bb3e97e010862.js","component---src-templates-article-post-js-80ba204bb3e97e010862.js.map"],"children":{},"childAssets":{}},"component---src-templates-project-post-js":{"chunks":[0,2,4,3,15],"assets":["0.71ca5a429ab60c8c7db7.css","0-567d47a1f51a07fd6090.js","0-567d47a1f51a07fd6090.js.map","2-9ab9a0e5840062f13054.js","2-9ab9a0e5840062f13054.js.map","4-7c07dec0fde9a0a8a2c6.js","4-7c07dec0fde9a0a8a2c6.js.map","3-ab6604f6a47a8ac5d626.js","3-ab6604f6a47a8ac5d626.js.map","component---src-templates-project-post-js.2152890fb79c6869727c.css","component---src-templates-project-post-js-5df0c75ab80c9e53b44a.js","component---src-templates-project-post-js-5df0c75ab80c9e53b44a.js.map"],"children":{},"childAssets":{}},"component---src-pages-404-js":{"chunks":[0,1,6],"assets":["0.71ca5a429ab60c8c7db7.css","0-567d47a1f51a07fd6090.js","0-567d47a1f51a07fd6090.js.map","1.2152890fb79c6869727c.css","1-082d010604db646a7156.js","1-082d010604db646a7156.js.map","component---src-pages-404-js-cbc1ade20e36c3c6cb11.js","component---src-pages-404-js-cbc1ade20e36c3c6cb11.js.map"],"children":{},"childAssets":{}},"component---src-pages-articles-js":{"chunks":[0,2,1,7],"assets":["0.71ca5a429ab60c8c7db7.css","0-567d47a1f51a07fd6090.js","0-567d47a1f51a07fd6090.js.map","2-9ab9a0e5840062f13054.js","2-9ab9a0e5840062f13054.js.map","1.2152890fb79c6869727c.css","1-082d010604db646a7156.js","1-082d010604db646a7156.js.map","component---src-pages-articles-js-86492a5312a0d3f6901a.js","component---src-pages-articles-js-86492a5312a0d3f6901a.js.map"],"children":{},"childAssets":{}},"component---src-pages-index-js":{"chunks":[0,2,17,1,8],"assets":["0.71ca5a429ab60c8c7db7.css","0-567d47a1f51a07fd6090.js","0-567d47a1f51a07fd6090.js.map","2-9ab9a0e5840062f13054.js","2-9ab9a0e5840062f13054.js.map","17-45da49a1a7e3d0a785db.js","17-45da49a1a7e3d0a785db.js.map","1.2152890fb79c6869727c.css","1-082d010604db646a7156.js","1-082d010604db646a7156.js.map","component---src-pages-index-js-dedb36dd21ac3b697162.js","component---src-pages-index-js-dedb36dd21ac3b697162.js.map"],"children":{},"childAssets":{}},"component---src-pages-misc-js":{"chunks":[0,1,10],"assets":["0.71ca5a429ab60c8c7db7.css","0-567d47a1f51a07fd6090.js","0-567d47a1f51a07fd6090.js.map","1.2152890fb79c6869727c.css","1-082d010604db646a7156.js","1-082d010604db646a7156.js.map","component---src-pages-misc-js-0200e56d1292c23fac5e.js","component---src-pages-misc-js-0200e56d1292c23fac5e.js.map"],"children":{},"childAssets":{}},"component---src-pages-misc-building-computers-js":{"chunks":[0,3,1,9],"assets":["0.71ca5a429ab60c8c7db7.css","0-567d47a1f51a07fd6090.js","0-567d47a1f51a07fd6090.js.map","3-ab6604f6a47a8ac5d626.js","3-ab6604f6a47a8ac5d626.js.map","1.2152890fb79c6869727c.css","1-082d010604db646a7156.js","1-082d010604db646a7156.js.map","component---src-pages-misc-building-computers-js-5cb6593f5dbcd5a67f18.js","component---src-pages-misc-building-computers-js-5cb6593f5dbcd5a67f18.js.map"],"children":{},"childAssets":{}},"component---src-pages-projects-js":{"chunks":[0,1,11],"assets":["0.71ca5a429ab60c8c7db7.css","0-567d47a1f51a07fd6090.js","0-567d47a1f51a07fd6090.js.map","1.2152890fb79c6869727c.css","1-082d010604db646a7156.js","1-082d010604db646a7156.js.map","component---src-pages-projects-js-b27320dd03265ad8ab25.js","component---src-pages-projects-js-b27320dd03265ad8ab25.js.map"],"children":{},"childAssets":{}},"component---src-pages-resume-js":{"chunks":[0,2,4,19,12],"assets":["0.71ca5a429ab60c8c7db7.css","0-567d47a1f51a07fd6090.js","0-567d47a1f51a07fd6090.js.map","2-9ab9a0e5840062f13054.js","2-9ab9a0e5840062f13054.js.map","4-7c07dec0fde9a0a8a2c6.js","4-7c07dec0fde9a0a8a2c6.js.map","19-75553e75bc5a313ffc1a.js","19-75553e75bc5a313ffc1a.js.map","component---src-pages-resume-js.801fc0234f24c3c10695.css","component---src-pages-resume-js-974e1bb171d7eeba4861.js","component---src-pages-resume-js-974e1bb171d7eeba4861.js.map"],"children":{},"childAssets":{}},"component---src-pages-search-js":{"chunks":[0,2,4,18,13],"assets":["0.71ca5a429ab60c8c7db7.css","0-567d47a1f51a07fd6090.js","0-567d47a1f51a07fd6090.js.map","2-9ab9a0e5840062f13054.js","2-9ab9a0e5840062f13054.js.map","4-7c07dec0fde9a0a8a2c6.js","4-7c07dec0fde9a0a8a2c6.js.map","18-54326257bd163eda58d4.js","18-54326257bd163eda58d4.js.map","component---src-pages-search-js.da0a8068a80c705680c1.css","component---src-pages-search-js-3037bdef13489c9f12b7.js","component---src-pages-search-js-3037bdef13489c9f12b7.js.map"],"children":{},"childAssets":{}}},"assetsByChunkName":{"app":["webpack-runtime-f667cce9d7eb33a9bd5e.js","app-17fbb363fa9226bc6b97.js"],"component---src-templates-article-post-js":["0.71ca5a429ab60c8c7db7.css","0-567d47a1f51a07fd6090.js","3-ab6604f6a47a8ac5d626.js","1.2152890fb79c6869727c.css","1-082d010604db646a7156.js","component---src-templates-article-post-js-80ba204bb3e97e010862.js"],"component---src-templates-project-post-js":["0.71ca5a429ab60c8c7db7.css","0-567d47a1f51a07fd6090.js","2-9ab9a0e5840062f13054.js","4-7c07dec0fde9a0a8a2c6.js","3-ab6604f6a47a8ac5d626.js","component---src-templates-project-post-js.2152890fb79c6869727c.css","component---src-templates-project-post-js-5df0c75ab80c9e53b44a.js"],"component---src-pages-404-js":["0.71ca5a429ab60c8c7db7.css","0-567d47a1f51a07fd6090.js","1.2152890fb79c6869727c.css","1-082d010604db646a7156.js","component---src-pages-404-js-cbc1ade20e36c3c6cb11.js"],"component---src-pages-articles-js":["0.71ca5a429ab60c8c7db7.css","0-567d47a1f51a07fd6090.js","2-9ab9a0e5840062f13054.js","1.2152890fb79c6869727c.css","1-082d010604db646a7156.js","component---src-pages-articles-js-86492a5312a0d3f6901a.js"],"component---src-pages-index-js":["0.71ca5a429ab60c8c7db7.css","0-567d47a1f51a07fd6090.js","2-9ab9a0e5840062f13054.js","17-45da49a1a7e3d0a785db.js","1.2152890fb79c6869727c.css","1-082d010604db646a7156.js","component---src-pages-index-js-dedb36dd21ac3b697162.js"],"component---src-pages-misc-js":["0.71ca5a429ab60c8c7db7.css","0-567d47a1f51a07fd6090.js","1.2152890fb79c6869727c.css","1-082d010604db646a7156.js","component---src-pages-misc-js-0200e56d1292c23fac5e.js"],"component---src-pages-misc-building-computers-js":["0.71ca5a429ab60c8c7db7.css","0-567d47a1f51a07fd6090.js","3-ab6604f6a47a8ac5d626.js","1.2152890fb79c6869727c.css","1-082d010604db646a7156.js","component---src-pages-misc-building-computers-js-5cb6593f5dbcd5a67f18.js"],"component---src-pages-projects-js":["0.71ca5a429ab60c8c7db7.css","0-567d47a1f51a07fd6090.js","1.2152890fb79c6869727c.css","1-082d010604db646a7156.js","component---src-pages-projects-js-b27320dd03265ad8ab25.js"],"component---src-pages-resume-js":["0.71ca5a429ab60c8c7db7.css","0-567d47a1f51a07fd6090.js","2-9ab9a0e5840062f13054.js","4-7c07dec0fde9a0a8a2c6.js","19-75553e75bc5a313ffc1a.js","component---src-pages-resume-js.801fc0234f24c3c10695.css","component---src-pages-resume-js-974e1bb171d7eeba4861.js"],"component---src-pages-search-js":["0.71ca5a429ab60c8c7db7.css","0-567d47a1f51a07fd6090.js","2-9ab9a0e5840062f13054.js","4-7c07dec0fde9a0a8a2c6.js","18-54326257bd163eda58d4.js","component---src-pages-search-js.da0a8068a80c705680c1.css","component---src-pages-search-js-3037bdef13489c9f12b7.js"]}}