{"errors":[],"warnings":[],"namedChunkGroups":{"app":{"chunks":[16,5],"assets":["webpack-runtime-6f207cac2267261423c0.js","webpack-runtime-6f207cac2267261423c0.js.map","app-c4425a919a2cd392fbb3.js","app-c4425a919a2cd392fbb3.js.map"],"children":{},"childAssets":{}},"component---src-templates-article-post-js":{"chunks":[0,4,1,13],"assets":["0.da5ffc48b1dac88dfeed.css","0-1e5da6064b98947e77f8.js","0-1e5da6064b98947e77f8.js.map","4-19cf3716e70d929a0bc3.js","4-19cf3716e70d929a0bc3.js.map","1.7908211664d2505eec39.css","1-cf3b570b514306878e01.js","1-cf3b570b514306878e01.js.map","component---src-templates-article-post-js-e937490429303c61822f.js","component---src-templates-article-post-js-e937490429303c61822f.js.map"],"children":{},"childAssets":{}},"component---src-templates-misc-post-js":{"chunks":[0,2,3,4,14],"assets":["0.da5ffc48b1dac88dfeed.css","0-1e5da6064b98947e77f8.js","0-1e5da6064b98947e77f8.js.map","2-df6fb80c450df97fdc7a.js","2-df6fb80c450df97fdc7a.js.map","3-20c302db1733a1d8d850.js","3-20c302db1733a1d8d850.js.map","4-19cf3716e70d929a0bc3.js","4-19cf3716e70d929a0bc3.js.map","component---src-templates-misc-post-js.7908211664d2505eec39.css","component---src-templates-misc-post-js-e637564ad98ca7e83e89.js","component---src-templates-misc-post-js-e637564ad98ca7e83e89.js.map"],"children":{},"childAssets":{}},"component---src-templates-project-post-js":{"chunks":[0,2,3,4,15],"assets":["0.da5ffc48b1dac88dfeed.css","0-1e5da6064b98947e77f8.js","0-1e5da6064b98947e77f8.js.map","2-df6fb80c450df97fdc7a.js","2-df6fb80c450df97fdc7a.js.map","3-20c302db1733a1d8d850.js","3-20c302db1733a1d8d850.js.map","4-19cf3716e70d929a0bc3.js","4-19cf3716e70d929a0bc3.js.map","component---src-templates-project-post-js.7908211664d2505eec39.css","component---src-templates-project-post-js-54e317bb0ae7d9b9f521.js","component---src-templates-project-post-js-54e317bb0ae7d9b9f521.js.map"],"children":{},"childAssets":{}},"component---src-pages-404-js":{"chunks":[0,1,6],"assets":["0.da5ffc48b1dac88dfeed.css","0-1e5da6064b98947e77f8.js","0-1e5da6064b98947e77f8.js.map","1.7908211664d2505eec39.css","1-cf3b570b514306878e01.js","1-cf3b570b514306878e01.js.map","component---src-pages-404-js-c7571802bc35645e8753.js","component---src-pages-404-js-c7571802bc35645e8753.js.map"],"children":{},"childAssets":{}},"component---src-pages-articles-js":{"chunks":[0,2,1,7],"assets":["0.da5ffc48b1dac88dfeed.css","0-1e5da6064b98947e77f8.js","0-1e5da6064b98947e77f8.js.map","2-df6fb80c450df97fdc7a.js","2-df6fb80c450df97fdc7a.js.map","1.7908211664d2505eec39.css","1-cf3b570b514306878e01.js","1-cf3b570b514306878e01.js.map","component---src-pages-articles-js-9b7491c8ee0ea70899ca.js","component---src-pages-articles-js-9b7491c8ee0ea70899ca.js.map"],"children":{},"childAssets":{}},"component---src-pages-index-js":{"chunks":[0,2,17,1,8],"assets":["0.da5ffc48b1dac88dfeed.css","0-1e5da6064b98947e77f8.js","0-1e5da6064b98947e77f8.js.map","2-df6fb80c450df97fdc7a.js","2-df6fb80c450df97fdc7a.js.map","17-8ba6cbe4fed967f654c4.js","17-8ba6cbe4fed967f654c4.js.map","1.7908211664d2505eec39.css","1-cf3b570b514306878e01.js","1-cf3b570b514306878e01.js.map","component---src-pages-index-js-7b160322424c99ae60b8.js","component---src-pages-index-js-7b160322424c99ae60b8.js.map"],"children":{},"childAssets":{}},"component---src-pages-misc-js":{"chunks":[0,1,9],"assets":["0.da5ffc48b1dac88dfeed.css","0-1e5da6064b98947e77f8.js","0-1e5da6064b98947e77f8.js.map","1.7908211664d2505eec39.css","1-cf3b570b514306878e01.js","1-cf3b570b514306878e01.js.map","component---src-pages-misc-js-4a804ce98f4935150775.js","component---src-pages-misc-js-4a804ce98f4935150775.js.map"],"children":{},"childAssets":{}},"component---src-pages-projects-js":{"chunks":[0,1,10],"assets":["0.da5ffc48b1dac88dfeed.css","0-1e5da6064b98947e77f8.js","0-1e5da6064b98947e77f8.js.map","1.7908211664d2505eec39.css","1-cf3b570b514306878e01.js","1-cf3b570b514306878e01.js.map","component---src-pages-projects-js-00af71ba234e54f707b7.js","component---src-pages-projects-js-00af71ba234e54f707b7.js.map"],"children":{},"childAssets":{}},"component---src-pages-resume-js":{"chunks":[0,2,3,19,11],"assets":["0.da5ffc48b1dac88dfeed.css","0-1e5da6064b98947e77f8.js","0-1e5da6064b98947e77f8.js.map","2-df6fb80c450df97fdc7a.js","2-df6fb80c450df97fdc7a.js.map","3-20c302db1733a1d8d850.js","3-20c302db1733a1d8d850.js.map","19-8b5179ef6ed810d8d1dd.js","19-8b5179ef6ed810d8d1dd.js.map","component---src-pages-resume-js.fe6932ad3a5397e076ec.css","component---src-pages-resume-js-e59d4308fe939236fec9.js","component---src-pages-resume-js-e59d4308fe939236fec9.js.map"],"children":{},"childAssets":{}},"component---src-pages-search-js":{"chunks":[0,2,3,18,12],"assets":["0.da5ffc48b1dac88dfeed.css","0-1e5da6064b98947e77f8.js","0-1e5da6064b98947e77f8.js.map","2-df6fb80c450df97fdc7a.js","2-df6fb80c450df97fdc7a.js.map","3-20c302db1733a1d8d850.js","3-20c302db1733a1d8d850.js.map","18-96ba56402a95004d937d.js","18-96ba56402a95004d937d.js.map","component---src-pages-search-js.5398ce1a5f640cc2aedf.css","component---src-pages-search-js-458569479a79384342cc.js","component---src-pages-search-js-458569479a79384342cc.js.map"],"children":{},"childAssets":{}}},"assetsByChunkName":{"app":["webpack-runtime-6f207cac2267261423c0.js","app-c4425a919a2cd392fbb3.js"],"component---src-templates-article-post-js":["0.da5ffc48b1dac88dfeed.css","0-1e5da6064b98947e77f8.js","4-19cf3716e70d929a0bc3.js","1.7908211664d2505eec39.css","1-cf3b570b514306878e01.js","component---src-templates-article-post-js-e937490429303c61822f.js"],"component---src-templates-misc-post-js":["0.da5ffc48b1dac88dfeed.css","0-1e5da6064b98947e77f8.js","2-df6fb80c450df97fdc7a.js","3-20c302db1733a1d8d850.js","4-19cf3716e70d929a0bc3.js","component---src-templates-misc-post-js.7908211664d2505eec39.css","component---src-templates-misc-post-js-e637564ad98ca7e83e89.js"],"component---src-templates-project-post-js":["0.da5ffc48b1dac88dfeed.css","0-1e5da6064b98947e77f8.js","2-df6fb80c450df97fdc7a.js","3-20c302db1733a1d8d850.js","4-19cf3716e70d929a0bc3.js","component---src-templates-project-post-js.7908211664d2505eec39.css","component---src-templates-project-post-js-54e317bb0ae7d9b9f521.js"],"component---src-pages-404-js":["0.da5ffc48b1dac88dfeed.css","0-1e5da6064b98947e77f8.js","1.7908211664d2505eec39.css","1-cf3b570b514306878e01.js","component---src-pages-404-js-c7571802bc35645e8753.js"],"component---src-pages-articles-js":["0.da5ffc48b1dac88dfeed.css","0-1e5da6064b98947e77f8.js","2-df6fb80c450df97fdc7a.js","1.7908211664d2505eec39.css","1-cf3b570b514306878e01.js","component---src-pages-articles-js-9b7491c8ee0ea70899ca.js"],"component---src-pages-index-js":["0.da5ffc48b1dac88dfeed.css","0-1e5da6064b98947e77f8.js","2-df6fb80c450df97fdc7a.js","17-8ba6cbe4fed967f654c4.js","1.7908211664d2505eec39.css","1-cf3b570b514306878e01.js","component---src-pages-index-js-7b160322424c99ae60b8.js"],"component---src-pages-misc-js":["0.da5ffc48b1dac88dfeed.css","0-1e5da6064b98947e77f8.js","1.7908211664d2505eec39.css","1-cf3b570b514306878e01.js","component---src-pages-misc-js-4a804ce98f4935150775.js"],"component---src-pages-projects-js":["0.da5ffc48b1dac88dfeed.css","0-1e5da6064b98947e77f8.js","1.7908211664d2505eec39.css","1-cf3b570b514306878e01.js","component---src-pages-projects-js-00af71ba234e54f707b7.js"],"component---src-pages-resume-js":["0.da5ffc48b1dac88dfeed.css","0-1e5da6064b98947e77f8.js","2-df6fb80c450df97fdc7a.js","3-20c302db1733a1d8d850.js","19-8b5179ef6ed810d8d1dd.js","component---src-pages-resume-js.fe6932ad3a5397e076ec.css","component---src-pages-resume-js-e59d4308fe939236fec9.js"],"component---src-pages-search-js":["0.da5ffc48b1dac88dfeed.css","0-1e5da6064b98947e77f8.js","2-df6fb80c450df97fdc7a.js","3-20c302db1733a1d8d850.js","18-96ba56402a95004d937d.js","component---src-pages-search-js.5398ce1a5f640cc2aedf.css","component---src-pages-search-js-458569479a79384342cc.js"]}}