{"errors":[],"warnings":[],"namedChunkGroups":{"app":{"chunks":[17,5],"assets":["webpack-runtime-1400e068d5864e49c377.js","webpack-runtime-1400e068d5864e49c377.js.map","app-e02fcf0e447ba7be2c1e.js","app-e02fcf0e447ba7be2c1e.js.map"],"children":{},"childAssets":{}},"component---src-templates-article-post-js":{"chunks":[0,3,1,14],"assets":["0.98dfa213513efe3a41c5.css","0-4cf95386695d7c693810.js","0-4cf95386695d7c693810.js.map","3-68f613a3ffed72284df5.js","3-68f613a3ffed72284df5.js.map","1.9598653a04ded8d0c97d.css","1-3d19ef4393e9251939e4.js","1-3d19ef4393e9251939e4.js.map","component---src-templates-article-post-js-4d5b872445cf607638cf.js","component---src-templates-article-post-js-4d5b872445cf607638cf.js.map"],"children":{},"childAssets":{}},"component---src-templates-external-post-js":{"chunks":[0,1,15],"assets":["0.98dfa213513efe3a41c5.css","0-4cf95386695d7c693810.js","0-4cf95386695d7c693810.js.map","1.9598653a04ded8d0c97d.css","1-3d19ef4393e9251939e4.js","1-3d19ef4393e9251939e4.js.map","component---src-templates-external-post-js-1db8ab6066ef66a01cea.js","component---src-templates-external-post-js-1db8ab6066ef66a01cea.js.map"],"children":{},"childAssets":{}},"component---src-templates-project-post-js":{"chunks":[0,2,3,20,16],"assets":["0.98dfa213513efe3a41c5.css","0-4cf95386695d7c693810.js","0-4cf95386695d7c693810.js.map","2-0f921632a47982da9db1.js","2-0f921632a47982da9db1.js.map","3-68f613a3ffed72284df5.js","3-68f613a3ffed72284df5.js.map","20-98d4b4c81c6567546c37.js","20-98d4b4c81c6567546c37.js.map","component---src-templates-project-post-js.9598653a04ded8d0c97d.css","component---src-templates-project-post-js-de2a0b66e14807046f64.js","component---src-templates-project-post-js-de2a0b66e14807046f64.js.map"],"children":{},"childAssets":{}},"component---src-pages-404-js":{"chunks":[0,1,6],"assets":["0.98dfa213513efe3a41c5.css","0-4cf95386695d7c693810.js","0-4cf95386695d7c693810.js.map","1.9598653a04ded8d0c97d.css","1-3d19ef4393e9251939e4.js","1-3d19ef4393e9251939e4.js.map","component---src-pages-404-js-6f89bea7844898f7bcd1.js","component---src-pages-404-js-6f89bea7844898f7bcd1.js.map"],"children":{},"childAssets":{}},"component---src-pages-articles-js":{"chunks":[0,2,1,7],"assets":["0.98dfa213513efe3a41c5.css","0-4cf95386695d7c693810.js","0-4cf95386695d7c693810.js.map","2-0f921632a47982da9db1.js","2-0f921632a47982da9db1.js.map","1.9598653a04ded8d0c97d.css","1-3d19ef4393e9251939e4.js","1-3d19ef4393e9251939e4.js.map","component---src-pages-articles-js-3e4254b5cdb23edbf047.js","component---src-pages-articles-js-3e4254b5cdb23edbf047.js.map"],"children":{},"childAssets":{}},"component---src-pages-index-js":{"chunks":[0,2,18,1,8],"assets":["0.98dfa213513efe3a41c5.css","0-4cf95386695d7c693810.js","0-4cf95386695d7c693810.js.map","2-0f921632a47982da9db1.js","2-0f921632a47982da9db1.js.map","18-04cc9b34f552654d28dc.js","18-04cc9b34f552654d28dc.js.map","1.9598653a04ded8d0c97d.css","1-3d19ef4393e9251939e4.js","1-3d19ef4393e9251939e4.js.map","component---src-pages-index-js-2ca8aca77a8632975b05.js","component---src-pages-index-js-2ca8aca77a8632975b05.js.map"],"children":{},"childAssets":{}},"component---src-pages-misc-js":{"chunks":[0,1,9],"assets":["0.98dfa213513efe3a41c5.css","0-4cf95386695d7c693810.js","0-4cf95386695d7c693810.js.map","1.9598653a04ded8d0c97d.css","1-3d19ef4393e9251939e4.js","1-3d19ef4393e9251939e4.js.map","component---src-pages-misc-js-ea95218fa016808a7bf6.js","component---src-pages-misc-js-ea95218fa016808a7bf6.js.map"],"children":{},"childAssets":{}},"component---src-pages-misc-woodworking-js":{"chunks":[0,3,1,10],"assets":["0.98dfa213513efe3a41c5.css","0-4cf95386695d7c693810.js","0-4cf95386695d7c693810.js.map","3-68f613a3ffed72284df5.js","3-68f613a3ffed72284df5.js.map","1.9598653a04ded8d0c97d.css","1-3d19ef4393e9251939e4.js","1-3d19ef4393e9251939e4.js.map","component---src-pages-misc-woodworking-js-682f23423cda3d4adc62.js","component---src-pages-misc-woodworking-js-682f23423cda3d4adc62.js.map"],"children":{},"childAssets":{}},"component---src-pages-projects-js":{"chunks":[0,1,11],"assets":["0.98dfa213513efe3a41c5.css","0-4cf95386695d7c693810.js","0-4cf95386695d7c693810.js.map","1.9598653a04ded8d0c97d.css","1-3d19ef4393e9251939e4.js","1-3d19ef4393e9251939e4.js.map","component---src-pages-projects-js-cdf76dee6912b41382c0.js","component---src-pages-projects-js-cdf76dee6912b41382c0.js.map"],"children":{},"childAssets":{}},"component---src-pages-resume-js":{"chunks":[0,2,4,21,12],"assets":["0.98dfa213513efe3a41c5.css","0-4cf95386695d7c693810.js","0-4cf95386695d7c693810.js.map","2-0f921632a47982da9db1.js","2-0f921632a47982da9db1.js.map","4-e778a2fd12619248df5e.js","4-e778a2fd12619248df5e.js.map","21-9d55cdb31d5da2a06494.js","21-9d55cdb31d5da2a06494.js.map","component---src-pages-resume-js.408942e50afc3dcc1e4c.css","component---src-pages-resume-js-5e8657ba7c5e04d44892.js","component---src-pages-resume-js-5e8657ba7c5e04d44892.js.map"],"children":{},"childAssets":{}},"component---src-pages-search-js":{"chunks":[0,2,4,19,13],"assets":["0.98dfa213513efe3a41c5.css","0-4cf95386695d7c693810.js","0-4cf95386695d7c693810.js.map","2-0f921632a47982da9db1.js","2-0f921632a47982da9db1.js.map","4-e778a2fd12619248df5e.js","4-e778a2fd12619248df5e.js.map","19-efd3252b02c87e396385.js","19-efd3252b02c87e396385.js.map","component---src-pages-search-js.baf09608cb2ba32ce8cd.css","component---src-pages-search-js-7c1b9f963e9ed593068c.js","component---src-pages-search-js-7c1b9f963e9ed593068c.js.map"],"children":{},"childAssets":{}}},"assetsByChunkName":{"app":["webpack-runtime-1400e068d5864e49c377.js","app-e02fcf0e447ba7be2c1e.js"],"component---src-templates-article-post-js":["0.98dfa213513efe3a41c5.css","0-4cf95386695d7c693810.js","3-68f613a3ffed72284df5.js","1.9598653a04ded8d0c97d.css","1-3d19ef4393e9251939e4.js","component---src-templates-article-post-js-4d5b872445cf607638cf.js"],"component---src-templates-external-post-js":["0.98dfa213513efe3a41c5.css","0-4cf95386695d7c693810.js","1.9598653a04ded8d0c97d.css","1-3d19ef4393e9251939e4.js","component---src-templates-external-post-js-1db8ab6066ef66a01cea.js"],"component---src-templates-project-post-js":["0.98dfa213513efe3a41c5.css","0-4cf95386695d7c693810.js","2-0f921632a47982da9db1.js","3-68f613a3ffed72284df5.js","20-98d4b4c81c6567546c37.js","component---src-templates-project-post-js.9598653a04ded8d0c97d.css","component---src-templates-project-post-js-de2a0b66e14807046f64.js"],"component---src-pages-404-js":["0.98dfa213513efe3a41c5.css","0-4cf95386695d7c693810.js","1.9598653a04ded8d0c97d.css","1-3d19ef4393e9251939e4.js","component---src-pages-404-js-6f89bea7844898f7bcd1.js"],"component---src-pages-articles-js":["0.98dfa213513efe3a41c5.css","0-4cf95386695d7c693810.js","2-0f921632a47982da9db1.js","1.9598653a04ded8d0c97d.css","1-3d19ef4393e9251939e4.js","component---src-pages-articles-js-3e4254b5cdb23edbf047.js"],"component---src-pages-index-js":["0.98dfa213513efe3a41c5.css","0-4cf95386695d7c693810.js","2-0f921632a47982da9db1.js","18-04cc9b34f552654d28dc.js","1.9598653a04ded8d0c97d.css","1-3d19ef4393e9251939e4.js","component---src-pages-index-js-2ca8aca77a8632975b05.js"],"component---src-pages-misc-js":["0.98dfa213513efe3a41c5.css","0-4cf95386695d7c693810.js","1.9598653a04ded8d0c97d.css","1-3d19ef4393e9251939e4.js","component---src-pages-misc-js-ea95218fa016808a7bf6.js"],"component---src-pages-misc-woodworking-js":["0.98dfa213513efe3a41c5.css","0-4cf95386695d7c693810.js","3-68f613a3ffed72284df5.js","1.9598653a04ded8d0c97d.css","1-3d19ef4393e9251939e4.js","component---src-pages-misc-woodworking-js-682f23423cda3d4adc62.js"],"component---src-pages-projects-js":["0.98dfa213513efe3a41c5.css","0-4cf95386695d7c693810.js","1.9598653a04ded8d0c97d.css","1-3d19ef4393e9251939e4.js","component---src-pages-projects-js-cdf76dee6912b41382c0.js"],